INSERT INTO actor (id,first_name,last_name) VALUES (1,'Jason','Statham');
INSERT INTO actor (id,first_name,last_name) VALUES (2,'Adam','Piekarski');
INSERT INTO actor (id,first_name,last_name) VALUES (3,'Matylda','Cisza');
INSERT INTO distributor (id,name) VALUES (11,'Polska Film');
INSERT INTO distributor (id,name) VALUES (12,'Pixar');
INSERT INTO distributor (id,name) VALUES (13,'Disney');
INSERT INTO award (id,name) VALUES (100,'BAFTA');
INSERT INTO award (id,name) VALUES (101,'Oscar 2018');
INSERT INTO award (id,name) VALUES (102,'Critics Choice');
INSERT INTO director (id,first_name, last_name) VALUES (1,'Anna', 'Nowa');
INSERT INTO director (id,first_name, last_name) VALUES (2,'Tom', 'Lee');
INSERT INTO director (id,first_name, last_name) VALUES (3,'Patrick', 'Schmidt');
INSERT INTO country_of_production (id,name) VALUES (1,'Poland');
INSERT INTO country_of_production (id,name) VALUES (2,'France');
INSERT INTO country_of_production (id,name) VALUES (3,'Russia');
INSERT INTO genre (id,name) VALUES (1,'drama');
INSERT INTO genre (id,name) VALUES (2,'war film');
INSERT INTO genre (id,name) VALUES (3,'animation');
INSERT INTO review (id,user_review,id_movie,id_user) VALUES (1,'This is really a movie for upper-middle class hipsters who once fancied themselves firebrands and status quo-challengers in college, but now consider only buying organic food at Whole Foods and not vaccinating their kids to be radical acts.',1,2);
INSERT INTO review (id,user_review,id_movie,id_user) VALUES (2,'It''s a rare movie that asks such big questions - about parenting, about family, about modern-day America - and comes up with answers that are moving and meaningful, that make you laugh and cry.',3,2);
INSERT INTO review (id,user_review,id_movie,id_user) VALUES (3,'It has charm but it''s hard to believe in a man of such diverse talents, while the laboured eccentricities madden as much as entertain.',2,1);
INSERT INTO user (id,login, password, user_name, city) VALUES (1,'admin', '1234', 'Adam Nowak', 'Warsaw');
INSERT INTO user (id,login, password, user_name, city) VALUES (2,'kaskaMalpa', 'haslo123', 'Joe Grams', 'London');
INSERT INTO user (id,login, password, user_name, city) VALUES (3,'miska', 'nowehaslo45', 'Ann Pee', 'New York');
INSERT INTO movie (id,title, release_date, description_of_movie, duration, id_distributor, id_director, id_country_of_production, id_genre) VALUES (1,'Capitan Fantastic', '2016-06-23', 'Deep in the forests of the Pacific Northwest, isolated from society, a devoted father (Viggo Mortensen) dedicates his life to transforming his six young children into extraordinary adults. But when a tragedy strikes the family, they are forced to leave this self-created paradise and begin a journey into the outside world that challenges his idea of what it means to be a parent and brings into question everything he''s taught them.', 145,11,1,2,3);
INSERT INTO movie (id,title, release_date, description_of_movie, duration, id_distributor, id_director, id_country_of_production, id_genre) VALUES (2,'Titanic', '2012-09-05', 'XXXXXXXXXXXXXXXXXXXXXXXXXXXXXXXXXXXXXXXXXXXXXXXXXXXXXXXXX', 145, 12, 2, 1, 3);
INSERT INTO movie (id,title, release_date, description_of_movie, duration, id_distributor, id_director, id_country_of_production, id_genre) VALUES (3,'Avangers', '2000-10-12', 'YYYYYYYYYYYYYYYYYYYYYYYYYYYYYYYYYYYYYYYYYYYYYYYYYYYYYYYYYYYYYYYYYYYYYYYYYYYYYYYYY', 145, 13, 3, 3, 1);
INSERT INTO actors_movies (id_movie,id_actor) VALUES (1,1);
INSERT INTO actors_movies (id_movie,id_actor) VALUES (2,3);
INSERT INTO actors_movies (id_movie,id_actor) VALUES (3,2);
INSERT INTO awards_movies (id_movie,id_award) VALUES (1,100);
INSERT INTO awards_movies (id_movie,id_award) VALUES (3,102);
INSERT INTO awards_movies (id_movie,id_award) VALUES (2,101);
